,,,,CARDING GODOWN       A   PRD,,,,,,,,,,,,,WASTE -     A,,,,,,MIXING D GODOWN,,,,,,CARDING GODOWN       D PRD,,,,,,WASTE -     D,,,,,,A        GODOWN         EB ,,,,,,,,,,,,,,,,,,,,,,D GODOWN EB ,,,,,,,,,,B            GODOWN   OE   1,,,,,,,,,,,,,,,,,,,B            GODOWN   OE   2,,,,,,,,,,,,,,,,,,,,B            GODOWN   OE   3,,,,,,,,,,,,,,,,,,,B   GODOWN   DRW   SUPER 1,,,,,,,,,,,C            GODOWN   OE   4,,,,,,,,,,,,,,,,,,,,,C            GODOWN   OE   5,,,,,,,,,,,,,,,,,,,,,C            GODOWN   OE   6,,,,,,,,,,,,,,,,,,,,,C        GODOWN   OE   7,,,,,,,,,,,,,,,,,,,
DATE,COLOUR,COUNT,KGS,MONTH OF TOTAL ,LABOUR,SHIFT,A   C-1,TP,A   C-2,TP,A   C-3,TP,A   C-4,TP,TOTAL,GRAND TOTAL,FS,ALL WASTE,POWDER,WASTE TOTAL,WASTE %,INCULDING WASTE TOTAL KGS,DATE,SHIFT,COLOUR,COUNT,KGS,MONTH OF TOTAL ,D  C-1,TP,D  C-2,TP,TOTAL,GRAND TOTAL,FS,ALL WASTE,POWDER,TOTAL,W %,INCULDING WASTE TOTAL KGS,DATE,SHIFT,A   C-1 EB,BREAKS,T,KG/UNIT,A   C-2EB,BREAKS,KG/UNIT,T,A   C-3EB,BREAKS,KG/UNIT,T,A   C-4EB,BREAKS,KG/UNIT,T,B\R,TOTAL,AVG KG/UNIT,GRAND TOTAL,D  C-1EB,KG/UNIT,T,D  C-2EB,KG/UNIT,TP,B/R,TOTAL,AVG KG/UNIT,GRAND TOTAL,DATE,SHIFT,8 H LABOUR,12 H LABOUR,COLOUR,ARIYA GRASS KGS,NO OF CHEESE,CHINNA CHEESE,NET KGS,TOTAL KGS,EB UNIT,UKG,ROTOR WASTE,SLIVER,SWP WASE,YARN WASTE,TRASH WASTE,TOTAL WASTE,WASTE %,DATE,SHIFT,8 H LABOUR,12 H LABOUR,COLOUR,ARIYA GRASS KGS,NO OF CHEESE,CHINNA CHEESE,NET KGS,TOTAL KGS,EB UNIT,UKG,ROTOR WASTE,SLIVER,SWP WASE,YARN WASTE,TRASH WASTE,TOTAL WASTE,WASTE %,,DATE,SHIFT,8 H LABOUR,12 H LABOUR,COLOUR,ARIYA GRASS KGS,NO OF CHEESE,CHINNA CHEESE,NET KGS,TOTAL KGS,EB UNIT,UKG,ROTOR WASTE,SLIVER,SWP WASE,YARN WASTE,TRASH WASTE,TOTAL WASTE,WASTE %,SHIFT,8 H LABOUR,12 H LABOUR,COUNT,COLOUR,PRO,SWP,FAN ,SLIVER,RUN TIME,,DATE,SHIFT,8 H LABOUR,12 H LABOUR,COUNT,COLOUR,ARIYA GRASS KGS,NO OF CHEESE,CHINNA CHEESE,NET KGS,TOTAL KGS,EB UNIT,UKG,ROTOR WASTE,SLIVER,SWP WASE,YARN WASTE,TRASH WASTE,TOTAL WASTE,WASTE %,,DATE,SHIFT,8 H LABOUR,12 H LABOUR,COUNT ,COLOUR,ARIYA GRASS KGS,NO OF CHEESE,CHINNA CHEESE,NET KGS,TOTAL KGS,EB UNIT,UKG,ROTOR WASTE,SLIVER,SWP WASE,YARN WASTE,TRASH WASTE,TOTAL WASTE,WASTE %,,DATE,SHIFT,8 H LABOUR,12 H LABOUR,COUNT,COLOUR,ARIYA GRASS KGS,NO OF CHEESE,CHINNA CHEESE,NET KGS,TOTAL KGS,EB UNIT,UKG,ROTOR WASTE,SLIVER,SWP WASE,YARN WASTE,TRASH WASTE,TOTAL WASTE,WASTE %,,DATE,SHIFT,8 H LABOUR,12 H LABOUR,COUNT,COLOUR,ARIYA GRASS KGS,NO OF CHEESE,CHINNA CHEESE,NET KGS,TOTAL KGS,EB UNIT,UKG,ROTOR WASTE,SLIVER,SWP WASE,YARN WASTE,TRASH WASTE,TOTAL WASTE,WASTE %
23.05.2019,BLACK,20S,8000,,1,A,709.7,709.7,274.2,274.2,339.3,339.3,614.1,614.1,1937.3,1937.3,65.6,29.5,15,110.1,0.05377552,2047.4,23.05.2019,A,BLACK,10S,4550,4550,520.3,520.3,653.6,653.6,1173.9,1173.9,71.5,1.3,25.8,98.6,7.748526523,1272.5,23.05.2019,A,68.78,,68.78,0.096914189,34.19,,0.124690007,34.19,38.28,,0.112820513,38.28,48.82,,0.079498453,48.82,153.55,343.62,0.292716586,343.62,64.42,0.123813185,64.42,59.12,0.090452876,59.12,153.33,276.87,0.235854843,276.87,23.05.2019,A,3,,BLACK,150,120,0,146.04,146.04,309,2.115858669,0.2,0,0,0.02,0,0.22,0.00,23.05.2019,A,3,,BLACK,150,120,0,146.04,146.04,256,1.752944399,0.2,0,0,0.02,0,,,,23.05.2019,A,3,,BLACK,303.43,240,0,295.51,295.51,256,0.866298941,0.1,0,1.2,0.02,4.19,5.51,0.02,A,,1,10s,red,456.00,2.00,3.00,1.40,11,,23.05.2019,A,,2,10S,LY,585.96,384,5,568.88,568.88,289,0.50801575,0.3,0.35,0,0,0,0.65,0.00,,23.05.2019,A,,2,20S,BLACK,292.6,192,3,283.96,283.96,286,1.00718411,0.1,0,0,0,0,0.1,0.00,,23.05.2019,A,,,,,,,,,,,,,,,,,,,,23.05.2019,A,,2,20S,BLACK,293.5,240,7,281.62,281.62,222,0.788296286,0.15,0,1.7,0,11.75,13.6,0.05
,,,,,,C,,709.7,,274.2,,339.3,,614.1,0,1937.3,,,,0,0,0,0,C,BLACK,10S,,4550,557.1,1077.4,718.4,1372,1275.5,2449.4,72.6,0.8,28.6,102,7.404718693,1377.5,0,C,0,,68.78,0,,,0,34.19,,,0,38.28,,,0,48.82,,0,0.140287417,343.62,63.23,0.113498474,127.65,63.22,0.088001114,122.34,,126.45,0.164660733,403.32,0,C,1,1,BLACK,291.75,240,7,283.83,429.87,316,0.735105962,0.21,0.12,0.9,0.04,10.5,11.77,0.03,0,C,3,,BLACK,291.75,240,7,283.83,429.87,266,0.618791728,0.21,0.12,0.9,0.04,10.5,,,,0,C,3,,BLACK,301.72,240,9,293.8,589.31,266,0.451375337,0.07,0.09,0,0.03,0,0.19,0.00,C,,1,10s,red,342.00,2.00,3.00,1.40,11,,0,C,,2,10S,BLACK,737.25,480,10,715.65,1284.53,291,0.226542004,0.5,0,0,0,0,0.5,0.00,,0,C,,2,20S,BLACK,295.25,192,2,286.61,570.57,268,0.469705733,0.3,0,1.1,0,12.7,14.1,0.02,,0,C,,,,,,,,,,,,,,,,,,,,0,C,,2,20S,BLACK,325.1,240,2,317.18,598.8,228,0.380761523,0.45,0,0,0,0,0.45,0.00
24.05.19,CB,20S,6000,,2,A,530.9,1240.6,286.7,560.9,431.3,770.6,405,1019.1,1653.9,3591.2,56.5,13.1,26,95.6,0.054644184,1749.5,24.05.19,A,BLACK,10S,,4550,302.7,1380.1,431.1,1803.1,733.8,3183.2,37.8,3,25.5,66.3,8.286464192,800.1,24.05.19,A,71,,139.78,0.133735167,50,,0.174398326,84.19,58,,0.134477162,96.28,51,,0.125925926,99.82,85,315,0.206905001,658.62,41.97,0.138652131,169.62,40.75,0.094525632,163.09,106.66,189.38,0.18619628,592.7,24.05.19,A,,2,BLACK,307.6,240,0,299.68,729.55,251,0.344047701,0.25,0,1.73,0.02,3.9,5.9,0.01,24.05.19,A,,,,307.6,240,0,299.68,729.55,276,0.3783154,0.25,0,1.73,0.02,3.9,,,,24.05.19,A,,2,BLACK,304.21,240,0,296.29,885.6,193,0.217931346,0.3,0,0,0.02,,0.32,0.00,A,,1,10s,red,228.00,2.00,3.00,1.40,11,,24.05.19,A,,2,10S,BLACK,579.32,384,14,562.04,1846.57,220,0.119139811,0.25,0,0.75,0.1,12.2,13.3,0.01,,24.05.19,A,,2,20S,C.BROUN,140.35,96,0,136.03,706.6,272,0.384941976,0,0,0,0,0,0,0.00,,24.05.19,A,,,,,,,,,,,,,,,,,,,,24.05.19,A,,2,20S,C.BROUN,294.84,240,8,286.92,885.72,214,0.241611344,0.15,0,0,0.05,0,0.2,0.00
,,,,,,C,134.4,1375,36.4,597.3,100.4,871,95.3,1114.4,366.5,3957.7,14.7,10.4,5,30.1,0.075895108,396.6,0,C,BLACK,10S,,4550,150.7,1530.8,225.3,2028.4,376,3559.2,29.4,8.4,14.1,51.9,12.1290021,427.9,0,C,0,,139.78,0,,,0,84.19,,,0,96.28,,,0,99.82,,0,0.185047202,658.62,,0,169.62,,0,163.09,,0,0.166526186,592.7,0,C,,2,BLACK,297.92,240,3,290,1019.55,309,0.303074886,0.1,0,0.8,0.2,4.3,5.4,0.01,0,C,,,,297.92,240,3,290,1019.55,286,0.280515914,0.1,0,0.8,0.2,4.3,,,,0,C,,,,,,,,885.6,,0,,,,,,0,0.00,C,,1,10s,red,114.00,2.00,3.00,1.40,11,,0,C,,,,,,,,,1846.57,,0,,,,,,0,0.00,,0,C,,2,20S,C.BROUN,325.5,384,2,317.58,1024.18,217,0.211876819,0.15,0,0.25,0.25,13.45,14.1,0.01,,0,C,,,,,,,,,,,,,,,,,,,,0,C,,,,C.BROUN,305.82,240,,300.54,1186.26,213.3333333,0.17983691,0.15,0,0,0.05,0,0.2,0.00
25.05.19,RED,20S,8000,,2,A,427,1802,172,769.3,223.8,1094.8,329,1443.4,1151.8,5109.5,27.5,15.4,28.3,71.2,0.058217498,1223,25.05.19,A,FO,10S,8000,12550,409.2,1940,531.2,2559.6,940.4,4499.6,53.9,4.3,25.4,83.6,8.1640625,1024,25.05.19,A,26.26,4,166.04,0.061498829,19.43,0,0.112965116,103.62,121.28,2,0.541912422,217.56,19.75,7,0.060030395,119.57,56.77,243.49,0.20048671,902.11,47.69,0.116544477,217.31,46.5,0.087537651,209.59,116.99,211.18,0.178655881,803.88,25.05.19,A,,2,BLACK,284,240,5,279.08,1298.63,306,0.235632936,0.15,0.02,0,0,0,0.17,0.00,25.05.19,A,,,,284,240,5,279.08,1298.63,296,0.227932513,0.15,0.02,0,0,0,,,,25.05.19,A,,2,BLACK,150.13,120,0,146.17,1031.77,256,0.248117313,0.1,0.05,0.8,0,5.72,6.67,0.01,A,,1,10s,red,456.00,2.00,3.00,1.40,11,,25.05.19,A,,2,10S,BLACK,863.13,576,10,837.2,2683.77,284,0.105821289,0.2,0.1,0,0.02,0,0.32,0.00,,25.05.19,A,,2,20S,C.BROUN,308.85,192,1,300.21,1324.39,287,0.216703539,0.15,0.1,0,0,0,0.25,0.00,,25.05.19,A,,,,,,,,,,,,,,,,,,,,25.05.19,A,,,,,306.49,240,6.666666667,303.19,1492.1,209.3333333,0.137613654,0.15,0,0,0.05,0,0.2,0.00
,,,,,,C,207.2,2009.2,128.8,898.1,159.6,1254.4,183.8,1627.2,679.4,5788.9,28.3,10.2,16.2,54.7,0.074513009,734.1,0,C,,10S,,12550,244.5,2184.5,360.1,2919.7,604.6,5104.2,46.6,1.5,14.8,62.9,9.423220974,667.5,0,C,20.02,1,186.06,0.096621622,14.9,0,0.11568323,118.52,15.3,1,0.095864662,232.86,15.82,1,0.086071817,135.39,27.54,93.58,0.195072685,995.69,33.87,0.138527607,251.18,33.97,0.094334907,243.56,85.86,153.7,0.187606285,957.58,0,C,,2,BLACK,152.08,120,0,148.12,1446.75,308,0.212890963,0.13,0,0,0.02,,0.15,0.00,0,C,,,,152.08,120,0,148.12,1446.75,306,0.211508554,0.13,0,0,0.02,,,,,0,C,,2,,0,120,,295.51,1327.28,256,0.192875655,0.1,0.1,1.2,0.04,5.75,7.19,0.01,C,,1,10s,red,342.00,2.00,3.00,1.40,11,,0,C,,2,10S,BLACK,589.9,384,14,572.62,3256.39,291,0.089362761,0.2,0.15,0.4,0.25,0,1,0.00,,0,C,,2,20S,CB,305.3,192,1,296.66,1621.05,291,0.179513278,0.1,0.15,0,0.1,15.8,16.15,0.01,,0,C,,,,,,,,,,,,,,,,,,,,0,C,,2,20,C.BROUN,307.16,240,7.166666667,305.84,1800.59,205.3333333,0.111815201,0.15,0,0,0.05,0,0.2,0.00
26.5.19,,,,,2,A,567,2576.2,342,1240.1,432,1686.4,236,1863.2,1577,7365.9,28.3,12,23,63.3,0.038590502,1640.3,26.5.19,A,,10S,,12550,244.5,2429,345,3264.7,589.5,5693.7,45,2,12,59,9.097918273,648.5,26.5.19,A,33,,219.06,0.058201058,33,,0.096491228,151.52,33,,0.076388889,265.86,33,,0.139830508,168.39,33,165,0.203855138,1160.69,64.42,0.263476483,315.6,,0,243.56,47.69,112.11,0.187872561,1069.69,26.5.19,A,3,,BLACK,,,,,1446.75,,0,,,,,,0,0.00,26.5.19,A,,,,,,,,1446.75,316,0.218420598,,,,,,,,,26.5.19,A,,,,303.43,240,,293.8,1621.08,266,0.164088139,0.1,0.07,0.1,1.04,6.75,8.06,0.00,A,,1,10s,red,228.00,2.00,3.00,1.40,11,,26.5.19,A,,,,,585.96,384,5,837.2,4093.59,298,0.072796738,0.2,0.2,0.8,0.48,0,1.68,0.00,,26.5.19,A,,,,,389.55,64,,283.90,1904.946667,339,0.177957738,0.1,0.15,0,0.1,15.8,16.15,0.01,,26.5.19,A,,,,,,,,,,,,,,,,,,,,26.5.19,A,,,,,307.83,240,7.666666667,308.49,2111.73,201.3333333,0.09344629,0.15,0,0,0.05,0,0.2,0.00
,,,,,1,C,234,2810.2,123,1363.1,211,1897.4,,1863.2,568,7933.9,23,1,2,26,0.043771044,594,0,C,,10S,,12550,456,2885,567,3831.7,1023,6716.7,34,3,23,60,5.540166205,1083,0,C,33,,252.06,0.141025641,33,,0.268292683,184.52,33,,0.156398104,298.86,33,,#DIV/0!,201.39,33,165,0.197372221,1325.69,63.23,0.138662281,378.83,47.69,0.084109347,291.25,33.87,144.79,0.180814984,1214.48,0,C,,,BLACK,150,120,0,146.04,1592.79,316,0.198394013,0.2,0,0,0.02,0.02,0.24,0.00,0,C,,,,150,120,0,146.04,1592.79,326,0.204672305,0.2,0,0,0.02,0.02,,,,0,C,,,,301.72,240,,296.29,1917.37,256,0.133516223,0.07,0.3,0.07,2.04,7.75,10.23,0.01,C,,1,10s,red,114.00,2.00,3.00,1.40,11,,0,C,,,,,737.25,480,10,572.62,4666.21,305,0.065363539,0.2,0.25,1.2,0.71,0,2.36,0.00,,0,C,,,,,437.37,-32,,273.44,2178.383333,376,0.172605066,0.1,0.15,0,0.1,15.8,16.15,0.01,,0,C,,,,,,,,,,,,,,,,,,,,0,C,,,,,308.5,240,,311.14,2425.52,197.3333333,0.081357125,0.15,0,0,0.05,0,0.2,0.00
27.05.19,,,,,2,A,543,3353.2,524,1887.1,436,2333.4,678,2541.2,2181,10114.9,43,23,34,100,0.043840421,2281,27.05.19,A,cb,10S,6700,19250,234,3119,543,4374.7,777,7493.7,22,7,21,50,6.045949214,827,27.05.19,A,32,,284.06,0.05893186,32,,0.061068702,216.52,32,,0.073394495,330.86,32,,0.04719764,233.39,32,160,0.198258537,1485.69,41.97,0.179358974,420.8,33.87,0.062375691,325.12,64.42,140.26,0.180783858,1354.74,27.05.19,A,,,BLACK,291.75,240,7,283.83,1876.62,251,0.133751106,0.21,0.12,0.12,0.04,0.04,0.53,0.00,27.05.19,A,,,,291.75,240,7,283.83,1876.62,336,0.179045305,0.21,0.12,0.12,0.04,0.04,,,,27.05.19,A,,,,304.21,240,,256,2173.37,266,0.122390573,0.3,0.1,0.3,3.04,8.75,12.49,0.01,A,,1,10s,red,456.00,2.00,3.00,1.40,11,,27.05.19,A,,,,,579.32,384,14,837.2,5503.41,312,0.056692124,0.2,0.3,1.6,0.94,0,3.04,0.00,,27.05.19,A,,,,,485.19,-128,,262.98,2441.36,413,0.169168005,0.1,0.15,0,0.1,15.8,16.15,0.01,,27.05.19,A,,,,,,,,,,,,,,,,,,,,27.05.19,A,,,,,309.17,240,8.166666667,313.79,2741.96,193.3333333,0.070509173,0.15,0,0,0.05,0,0.2,0.00
,,,,,,C,,3353.2,,1887.1,,2333.4,,2541.2,0,10114.9,,,,0,#DIV/0!,0,0,C,,10S,,19250,244.5,3363.5,34,4408.7,278.5,7772.2,66,9,24,99,26.22516556,377.5,0,C,34,,318.06,#DIV/0!,34,,#DIV/0!,250.52,34,,#DIV/0!,364.86,34,,#DIV/0!,267.39,34,170,0.2130272,1655.69,,0,420.8,64.42,1.894705882,389.54,63.23,127.65,0.19072978,1482.39,0,C,,,BLACK,307.6,240,0,299.68,2176.3,309,0.141984101,0.25,0,0,0.02,0.02,0.29,0.00,0,C,,,,307.6,240,0,299.68,2176.3,346,0.158985434,0.25,0,0,0.02,0.02,,,,0,C,,,,,,,266,2439.37,193,0.079118789,0.1,0.07,0.1,4.04,9.75,14.06,0.01,C,,1,10s,red,342.00,2.00,3.00,1.40,11,,0,C,,,,,863.13,384,5,572.62,6076.03,319,0.052501387,0.2,0.35,2,1.17,0,3.72,0.00,,0,C,,,,,533.01,-224,,252.52,2693.876667,450,0.167045509,0.1,0.15,0,0.1,15.8,16.15,0.01,,0,C,,,,,,,,,,,,,,,,,,,,0,C,,,,,309.84,240,8.666666667,316.44,3061.05,189.3333333,0.061852414,0.15,0,0,0.05,0,0.2,0.00
28.05.19,,,,,2,A,678,4031.2,426,2313.1,476,2809.4,432,2973.2,2012,12126.9,54,13,2,69,0.033157136,2081,28.05.19,A,,10S,,19250,543,3906.5,234,4642.7,777,8549.2,54,4,25,83,9.651162791,860,28.05.19,A,33,,351.06,0.048672566,33,,0.077464789,283.52,33,,0.069327731,397.86,33,,0.076388889,300.39,33,165,0.212966125,1820.69,47.69,0.087826888,468.49,63.23,0.270213675,452.77,41.97,152.89,0.191278716,1635.28,28.05.19,A,,,BLACK,297.92,240,3,290,2466.3,306,0.124072497,0.1,0,0,0.2,0.2,0.5,0.00,28.05.19,A,,,,297.92,240,3,290,2466.3,356,0.144345781,0.1,0,0,0.2,0.2,,,,28.05.19,A,,,,150.13,120,,193,2632.37,256,0.097250766,0.07,0.3,0.07,5.04,10.75,16.23,0.01,A,,1,10s,red,228.00,2.00,3.00,1.40,11,,28.05.19,A,,,,,589.9,480,10,837.2,6913.23,326,0.04715596,0.2,0.4,2.4,1.4,0,4.4,0.00,,28.05.19,A,,,,,580.83,-320,,242.06,2935.933333,487,0.165875701,0.1,0.15,0,0.1,15.8,16.15,0.01,,28.05.19,A,,,,,,,,,,,,,,,,,,,,28.05.19,A,,,,,310.51,240,9.166666667,319.09,3380.14,185.3333333,0.054830076,0.15,0,0,0.05,0,0.2,0.00
,,,,,,C,,4031.2,,2313.1,,2809.4,,2973.2,0,12126.9,,,,0,#DIV/0!,0,0,C,,10S,,19250,244.5,4151,457,5099.7,701.5,9250.7,87,6,23,116,14.18960245,817.5,0,C,2,,353.06,#DIV/0!,2,,#DIV/0!,285.52,2,,#DIV/0!,399.86,2,,#DIV/0!,302.39,2,10,0.197897456,1830.69,33.87,0.138527607,502.36,41.97,0.091838074,494.74,,75.84,0.184971948,1711.12,0,C,,,BLACK,284,240,5,279.08,2745.38,308,0.112188477,0.15,0.02,0.02,0,0,0.19,0.00,0,C,,,,284,240,5,279.08,2745.38,366,0.133314878,0.15,0.02,0.02,0,0,,,,0,C,,,,303.43,120,,293.8,2926.17,266,,0.3,0.1,0.1,6.04,11.75,,0.00,C,,1,10s,red,114.00,2.00,3.00,1.40,11,,0,C,,,,,585.96,384,14,572.62,7485.85,333,0.044483926,0.2,0.45,2.8,1.63,0,5.08,0.00,,0,C,,,,,628.65,-416,,231.60,3167.53,524,0.165428583,0.1,0.15,0,0.1,15.8,16.15,0.01,,0,C,,,,,,,,,,,,,,,,,,,,0,C,,,,,311.18,240,,321.74,3701.88,181.3333333,0.04898412,0.15,0,0,0.05,0,0.2,0.00
29.05.19,,,,,2,A,964,4995.2,145,2458.1,378,3187.4,362,3335.2,1849,13975.9,45,15,12,72,0.037480479,1921,29.05.19,A,,10S,,19250,345,4496,43,5142.7,388,9638.7,23,2,32,57,12.80898876,445,29.05.19,A,44,,397.06,0.045643154,44,,0.303448276,329.52,44,,0.116402116,443.86,44,,0.121546961,346.39,44,220,0.21275587,2050.69,64.42,0.186724638,566.78,47.69,1.109069767,542.43,,112.11,0.189157251,1823.23,29.05.19,A,,,BLACK,152.08,120,0,148.12,2893.5,316,0.109210299,0.13,0,0,0.02,0.02,0.17,0.00,29.05.19,A,,,,152.08,120,0,148.12,2893.5,376,0.129946432,0.13,0,0,0.02,0.02,,,,29.05.19,A,,,,301.72,240,,296.29,3222.46,256,0.079442414,0.1,0.07,0.07,7.04,12.75,20.03,0.01,A,,1,10s,red,456.00,2.00,3.00,1.40,11,,29.05.19,A,,,,,737.25,384,5,837.2,8323.05,340,0.040850409,0.2,0.5,3.2,1.86,0,5.76,0.00,,29.05.19,A,,,,,676.47,-512,,221.14,3388.666667,561,0.165551839,0.1,0.15,0,0.1,15.8,16.15,0.00,,29.05.19,A,,,,,,,,,,,,,,,,,,,,29.05.19,A,,,,,311.85,240,9.666666667,324.39,4026.27,177.3333333,0.044044074,0.15,0,0,0.05,0,0.2,0.00
,,,,,,C,,4995.2,,2458.1,,3187.4,,3335.2,0,13975.9,,,,0,#DIV/0!,0,0,C,red,10S,7000,26250,244.5,4740.5,788,5930.7,1032.5,10671.2,23,9,43,75,6.772009029,1107.5,0,C,32,,429.06,#DIV/0!,32,,#DIV/0!,361.52,32,,#DIV/0!,475.86,32,,#DIV/0!,378.39,32,160,0.207164143,2210.69,63.23,0.258609407,630.01,33.87,0.042982234,576.3,47.69,144.79,0.184423495,1968.02,0,C,,,BLACK,150,120,0,146.04,3039.54,251,0.082578285,0.2,0.12,0.12,0.02,0.02,0.48,0.00,0,C,,,,150,120,0,146.04,3039.54,386,0.1269929,0.2,0.12,0.12,0.02,0.02,,,,0,C,,,,304.21,240,,345,3567.46,266,0.074562854,0.07,0.3,0.3,8.04,13.75,22.46,0.01,C,,1,,red,342.00,2.00,3.00,1.40,11,,0,C,,,,,579.32,480,10,572.62,8895.67,347,0.039007742,0.2,0.55,3.6,2.09,0,6.44,0.00,,0,C,,,,,724.29,-608,,210.68,3599.343333,598,0.166141417,0.1,0.15,0,0.1,15.8,16.15,0.00,,0,C,,,,,,,,,,,,,,,,,,,,0,C,,,,,312.52,240,10.16666667,327.04,4353.31,173.3333333,0.039816446,0.15,0,0,0.05,0,0.2,0.00
30.05.19,,,,,2,A,432,5427.2,348,2806.1,321,3508.4,234,3569.2,1335,15310.9,76,12,54,142,0.096140826,1477,30.05.19,A,,10S,,26250,567,5307.5,543,6473.7,1110,11781.2,45,6,12,63,5.37084399,1173,30.05.19,A,22,,451.06,0.050925926,22,,0.063218391,383.52,22,,0.068535826,497.86,22,,0.094017094,400.39,22,110,0.196982481,2320.69,41.97,0.074021164,671.98,64.42,0.118637201,640.72,33.87,140.26,0.178952908,2108.28,30.05.19,A,,,BLACK,291.75,240,7,283.83,3323.37,309,0.092977911,0.21,0,0,0.04,0.04,0.29,0.00,30.05.19,A,,,,291.75,240,7,283.83,3323.37,396,0.119156158,0.21,0,0,0.04,0.04,,,,30.05.19,A,,,,,240,,146.17,3713.63,193,0.051970713,0.3,,,,,0.3,,,,,,,228.00,2.00,,,,,30.05.19,A,,,,,863.13,384,14,837.2,9732.87,354,0.036371594,0.2,0.6,4,2.32,0,7.12,0.00,,30.05.19,A,,,,,772.11,-704,,200.22,3799.56,635,0.167124614,0.1,0.15,0,0.1,15.8,16.15,0.00,,30.05.19,A,,,,,,,,,,,,,,,,,,,,30.05.19,A,,,,,313.19,240,10.66666667,329.69,4683,169.3333333,0.036159157,0.15,0,0,0.05,0,0.2,0.00
,,,,,,C,,5427.2,,2806.1,,3508.4,,3569.2,0,15310.9,,,,0,#DIV/0!,0,0,C,,10S,,26250,244.5,5552,698,7171.7,942.5,12723.7,77,8,16,101,9.678965022,1043.5,0,C,12,,463.06,#DIV/0!,12,,#DIV/0!,395.52,12,,#DIV/0!,509.86,12,,#DIV/0!,412.39,12,60,0.187106738,2380.69,,0,671.98,63.23,0.090587393,703.95,64.42,127.65,0.175729544,2235.93,0,C,,,BLACK,307.6,240,0,299.68,3623.05,306,0.084459226,0.25,0,0,0.02,0.02,0.29,0.00,0,C,,,,307.6,240,0,299.68,3623.05,406,0.112060281,0.25,0,0,0.02,0.02,,,,0,C,,,,150.13,,,,,,,,,,,,,,,,,,,114.00,,,,,,0,C,,,,,589.9,384,5,572.62,10305.49,361,0.035029872,0.2,0.65,4.4,2.55,0,7.8,0.00,,0,C,,,,,819.93,-800,,189.76,3989.316667,672,0.168449902,0.1,0.15,0,0.1,15.8,16.15,0.00,,0,C,,,,,,,,,,,,,,,,,,,,0,C,,,,,313.86,240,,332.34,5015.34,165.3333333,0.032965528,0.15,0,0,0.05,0,0.2,0.00
31.05.19,,,,,,A,,5427.2,,2806.1,,3508.4,,3569.2,0,15310.9,,,,0,#DIV/0!,0,31.05.19,A,black,10S,3000,29250,345,5897,347,7518.7,692,13415.7,90,9,32,131,15.91737546,823,31.05.19,A,,,463.06,#DIV/0!,,,#DIV/0!,395.52,,,#DIV/0!,509.86,,,#DIV/0!,412.39,,,0.177455519,2380.69,,0,671.98,41.97,0.120951009,745.92,63.23,105.2,0.174506735,2341.13,31.05.19,A,,,BLACK,297.92,240,3,290,3913.05,308,0.07871098,0.1,0.02,0.02,0.2,0.2,0.54,0.00,31.05.19,A,,,,297.92,240,3,290,3913.05,416,,0.1,0.02,0.02,0.2,0.2,,,,31.05.19,A,,,,0,120,,,,,,,,,,,,,,,,,,,,,,,,31.05.19,A,,,,,585.96,480,10,837.2,11142.69,368,0.033026136,0.2,0.7,4.8,2.78,0,8.48,0.00,,31.05.19,A,,,,,867.75,-896,,179.30,4168.613333,709,0.170080538,0.1,0.15,0,0.1,15.8,16.15,0.00,,31.05.19,A,,,,,,,,,,,,,,,,,,,,31.05.19,A,,,,,314.53,240,11.16666667,334.99,5350.33,161.3333333,0.030153903,0.15,0,0,0.05,0,0.2,0.00
,,,,,2,C,345,5772.2,389,3195.1,421,3929.4,209,3778.2,1364,16674.9,45,11,44,100,0.068306011,1464,0,C,,10S,,29250,244.5,6141.5,276,7794.7,520.5,13936.2,34,4,22,60,10.33591731,580.5,0,C,23,,486.06,0.066666667,23,,0.059125964,418.52,23,,0.054631829,532.86,23,,0.110047847,435.39,23,,0.170827772,2380.69,,0,671.98,,0,745.92,41.97,41.97,0.171000703,2383.1,0,C,,,BLACK,284,240,5,279.08,4192.13,0,0,0.15,,,0,0,0.15,0.00,0,C,,,,284,240,5,279.08,,,,,,,,,,,,0,C,,,,,120,,,,,,,,,,,,,,,,,,,,,,,,0,C,,,,,737.25,384,14,572.62,11715.31,,0,,,,,,0,0.00,,0,C,,,,,915.57,-992,,,4168.613333,746,0.178956392,,,,,,0,0.00,,0,C,,,,,,,,,,,,,,,,,,,,0,C,,,,,315.2,,,,5350.33,,0,,,,,,0,0.00
,,,,,,,,,,,,,,,,,,,,,,,,,,,,,,,,,,,,,,,,,,,,,,,,,,,,,,,,,,,,,,,,,,,,,,,,,,,,,,,,,,,,,,,,,,,,,,,,,,,,,,,,,,,,,,,,,,,,,,,,,,,,,,,,,,,,,,,,,,,,,,,,,,,,,,,,,,,,,,,,,,,,,,,,,,,,,,,,,,,,,,,,,,,,,,,,,,,,,,,,,,,,,,,,,,,,,,,,,,,,,,,,
,,,,,,,,,,,,,,,,,,,,,,,,,,,,,,,,,,,,,,,,,,,,,,,,,,,,,,,,,,,,,,,,,,,,,,,,,,,,,,,,,,,,,,,,,,,,,,,,,,,,,,,,,,,,,,,,,,,,,,,,,,,,,,,,,,,,,,,,,,,,,,,,,,,,,,,,,,,,,,,,,,,,,,,,,,,,,,,,,,,,,,,,,,,,,,,,,,,,,,,,,,,,,,,,,,,,,,,,,,,,,,,,
,,,,,,,,,,,,,,,,,,,,,,,,,,,,,,,,,,,,,,,,,,,,,,,,,,,,,,,,,,,,,,,,,,,,,,,,,,,,,,,,,,,,,,,,,,,,,,,,,,,,,,,,,,,,,,,,,,,,,,,,,,,,,,,,,,,,,,,,,,,,,,,,,,,,,,,,,,,,,,,,,,,,,,,,,,,,,,,,,,,,,,,,,,,,,,,,,,,,,,,,,,,,,,,,,,,,,,,,,,,,,,,,
,,,,,,,,,,,,,,,,,,,,,,,,,,,,,,,,,,,,,,,,,,,,,,,,,,,,,,,,,,,,,,,,,,,,,,,,,,,,,,,,,,,,,,,,,,,,,,,,,,,,,,,,,,,,,,,,,,,,,,,,,,,,,,,,,,,,,,,,,,,,,,,,,,,,,,,,,,,,,,,,,,,,,,,,,,,,,,,,,,,,,,,,,,,,,,,,,,,,,,,,,,,,,,,,,,,,,,,,,,,,,,,,
,,,,,,,,,,,,,,,,,,,,,,,,,,,,,,,,,,,,,,,,,,,,,,,,,,,,,,,,,,,,,,,,,,,,,,,,,,,,,,,,,,,,,,,,,,,,,,,,,,,,,,,,,,,,,,,,,,,,,,,,,,,,,,,,,,,,,,,,,,,,,,,,,,,,,,,,,,,,,,,,,,,,,,,,,,,,,,,,,,,,,,,,,,,,,,,,,,,,,,,,,,,,,,,,,,,,,,,,,,,,,,,,
,,,,,,,,,,,,,,,,,,,,,,,,,,,,,,,,,,,,,,,,,,,,,,,,,,,,,,,,,,,,,,,,,,,,,,,,,,,,,,,,,,,,,,,,,,,,,,,,,,,,,,,,,,,,,,,,,,,,,,,,,,,,,,,,,,,,,,,,,,,,,,,,,,,,,,,,,,,,,,,,,,,,,,,,,,,,,,,,,,,,,,,,,,,,,,,,,,,,,,,,,,,,,,,,,,,,,,,,,,,,,,,,
,,,,,,,,,,,,,,,,,,,,,,,,,,,,,,,,,,,,,,,,,,,,,,,,,,,,,,,,,,,,,,,,,,,,,,,,,,,,,,,,,,,,,,,,,,,,,,,,,,,,,,,,,,,,,,,,,,,,,,,,,,,,,,,,,,,,,,,,,,,,,,,,,,,,,,,,,,,,,,,,,,,,,,,,,,,,,,,,,,,,,,,,,,,,,,,,,,,,,,,,,,,,,,,,,,,,,,,,,,,,,,,,
,,,,,,,,,,,,,,,,,,,,,,,,,,,,,,,,,,,,,,,,,,,,,,,,,,,,,,,,,,,,,,,,,,,,,,,,,,,,,,,,,,,,,,,,,,,,,,,,,,,,,,,,,,,,,,,,,,,,,,,,,,,,,,,,,,,,,,,,,,,,,,,,,,,,,,,,,,,,,,,,,,,,,,,,,,,,,,,,,,,,,,,,,,,,,,,,,,,,,,,,,,,,,,,,,,,,,,,,,,,,,,,,
,,,,,,,,,,,,,,,,,,,,,,,,,,,,,,,,,,,,,,,,,,,,,,,,,,,,,,,,,,,,,,,,,,,,,,,,,,,,,,,,,,,,,,,,,,,,,,,,,,,,,,,,,,,,,,,,,,,,,,,,,,,,,,,,,,,,,,,,,,,,,,,,,,,,,,,,,,,,,,,,,,,,,,,,,,,,,,,,,,,,,,,,,,,,,,,,,,,,,,,,,,,,,,,,,,,,,,,,,,,,,,,,
,,,,,,,,,,,,,,,,,,,,,,,,,,,,,,,,,,,,,,,,,,,,,,,,,,,,,,,,,,,,,,,,,,,,,,,,,,,,,,,,,,,,,,,,,,,,,,,,,,,,,,,,,,,,,,,,,,,,,,,,,,,,,,,,,,,,,,,,,,,,,,,,,,,,,,,,,,,,,,,,,,,,,,,,,,,,,,,,,,,,,,,,,,,,,,,,,,,,,,,,,,,,,,,,,,,,,,,,,,,,,,,,
,,,,,,,,,,,,,,,,,,,,,,,,,,,,,,,,,,,,,,,,,,,,,,,,,,,,,,,,,,,,,,,,,,,,,,,,,,,,,,,,,,,,,,,,,,,,,,,,,,,,,,,,,,,,,,,,,,,,,,,,,,,,,,,,,,,,,,,,,,,,,,,,,,,,,,,,,,,,,,,,,,,,,,,,,,,,,,,,,,,,,,,,,,,,,,,,,,,,,,,,,,,,,,,,,,,,,,,,,,,,,,,,
,,,,,,,,,,,,,,,,,,,,,,,,,,,,,,,,,,,,,,,,,,,,,,,,,,,,,,,,,,,,,,,,,,,,,,,,,,,,,,,,,,,,,,,,,,,,,,,,,,,,,,,,,,,,,,,,,,,,,,,,,,,,,,,,,,,,,,,,,,,,,,,,,,,,,,,,,,,,,,,,,,,,,,,,,,,,,,,,,,,,,,,,,,,,,,,,,,,,,,,,,,,,,,,,,,,,,,,,,,,,,,,,
,,,,,,,,,,,,,,,,,,,,,,,,,,,,,,,,,,,,,,,,,,,,,,,,,,,,,,,,,,,,,,,,,,,,,,,,,,,,,,,,,,,,,,,,,,,,,,,,,,,,,,,,,,,,,,,,,,,,,,,,,,,,,,,,,,,,,,,,,,,,,,,,,,,,,,,,,,,,,,,,,,,,,,,,,,,,,,,,,,,,,,,,,,,,,,,,,,,,,,,,,,,,,,,,,,,,,,,,,,,,,,,,
,,,,,,,,,,,,,,,,,,,,,,,,,,,,,,,,,,,,,,,,,,,,,,,,,,,,,,,,,,,,,,,,,,,,,,,,,,,,,,,,,,,,,,,,,,,,,,,,,,,,,,,,,,,,,,,,,,,,,,,,,,,,,,,,,,,,,,,,,,,,,,,,,,,,,,,,,,,,,,,,,,,,,,,,,,,,,,,,,,,,,,,,,,,,,,,,,,,,,,,,,,,,,,,,,,,,,,,,,,,,,,,,
,,,,,,,,,,,,,,,,,,,,,,,,,,,,,,,,,,,,,,,,,,,,,,,,,,,,,,,,,,,,,,,,,,,,,,,,,,,,,,,,,,,,,,,,,,,,,,,,,,,,,,,,,,,,,,,,,,,,,,,,,,,,,,,,,,,,,,,,,,,,,,,,,,,,,,,,,,,,,,,,,,,,,,,,,,,,,,,,,,,,,,,,,,,,,,,,,,,,,,,,,,,,,,,,,,,,,,,,,,,,,,,,
,,,,,,,,,,,,,,,,,,,,,,,,,,,,,,,,,,,,,,,,,,,,,,,,,,,,,,,,,,,,,,,,,,,,,,,,,,,,,,,,,,,,,,,,,,,,,,,,,,,,,,,,,,,,,,,,,,,,,,,,,,,,,,,,,,,,,,,,,,,,,,,,,,,,,,,,,,,,,,,,,,,,,,,,,,,,,,,,,,,,,,,,,,,,,,,,,,,,,,,,,,,,,,,,,,,,,,,,,,,,,,,,
,,,,,,,,,,,,,,,,,,,,,,,,,,,,,,,,,,,,,,,,,,,,,,,,,,,,,,,,,,,,,,,,,,,,,,,,,,,,,,,,,,,,,,,,,,,,,,,,,,,,,,,,,,,,,,,,,,,,,,,,,,,,,,,,,,,,,,,,,,,,,,,,,,,,,,,,,,,,,,,,,,,,,,,,,,,,,,,,,,,,,,,,,,,,,,,,,,,,,,,,,,,,,,,,,,,,,,,,,,,,,,,,
,,,,,,,,,,,,,,,,,,,,,,,,,,,,,,,,,,,,,,,,,,,,,,,,,,,,,,,,,,,,,,,,,,,,,,,,,,,,,,,,,,,,,,,,,,,,,,,,,,,,,,,,,,,,,,,,,,,,,,,,,,,,,,,,,,,,,,,,,,,,,,,,,,,,,,,,,,,,,,,,,,,,,,,,,,,,,,,,,,,,,,,,,,,,,,,,,,,,,,,,,,,,,,,,,,,,,,,,,,,,,,,,
,,,,,,,,,,,,,,,,,,,,,,,,,,,,,,,,,,,,,,,,,,,,,,,,,,,,,,,,,,,,,,,,,,,,,,,,,,,,,,,,,,,,,,,,,,,,,,,,,,,,,,,,,,,,,,,,,,,,,,,,,,,,,,,,,,,,,,,,,,,,,,,,,,,,,,,,,,,,,,,,,,,,,,,,,,,,,,,,,,,,,,,,,,,,,,,,,,,,,,,,,,,,,,,,,,,,,,,,,,,,,,,,
,,,,,,,,,,,,,,,,,,,,,,,,,,,,,,,,,,,,,,,,,,,,,,,,,,,,,,,,,,,,,,,,,,,,,,,,,,,,,,,,,,,,,,,,,,,,,,,,,,,,,,,,,,,,,,,,,,,,,,,,,,,,,,,,,,,,,,,,,,,,,,,,,,,,,,,,,,,,,,,,,,,,,,,,,,,,,,,,,,,,,,,,,,,,,,,,,,,,,,,,,,,,,,,,,,,,,,,,,,,,,,,,
,,,,,,,,,,,,,,,,,,,,,,,,,,,,,,,,,,,,,,,,,,,,,,,,,,,,,,,,,,,,,,,,,,,,,,,,,,,,,,,,,,,,,,,,,,,,,,,,,,,,,,,,,,,,,,,,,,,,,,,,,,,,,,,,,,,,,,,,,,,,,,,,,,,,,,,,,,,,,,,,,,,,,,,,,,,,,,,,,,,,,,,,,,,,,,,,,,,,,,,,,,,,,,,,,,,,,,,,,,,,,,,,
,,,,,,,,,,,,,,,,,,,,,,,,,,,,,,,,,,,,,,,,,,,,,,,,,,,,,,,,,,,,,,,,,,,,,,,,,,,,,,,,,,,,,,,,,,,,,,,,,,,,,,,,,,,,,,,,,,,,,,,,,,,,,,,,,,,,,,,,,,,,,,,,,,,,,,,,,,,,,,,,,,,,,,,,,,,,,,,,,,,,,,,,,,,,,,,,,,,,,,,,,,,,,,,,,,,,,,,,,,,,,,,,
,,,,,,,,,,,,,,,,,,,,,,,,,,,,,,,,,,,,,,,,,,,,,,,,,,,,,,,,,,,,,,,,,,,,,,,,,,,,,,,,,,,,,,,,,,,,,,,,,,,,,,,,,,,,,,,,,,,,,,,,,,,,,,,,,,,,,,,,,,,,,,,,,,,,,,,,,,,,,,,,,,,,,,,,,,,,,,,,,,,,,,,,,,,,,,,,,,,,,,,,,,,,,,,,,,,,,,,,,,,,,,,,
,,,,,,,,,,,,,,,,,,,,,,,,,,,,,,,,,,,,,,,,,,,,,,,,,,,,,,,,,,,,,,,,,,,,,,,,,,,,,,,,,,,,,,,,,,,,,,,,,,,,,,,,,,,,,,,,,,,,,,,,,,,,,,,,,,,,,,,,,,,,,,,,,,,,,,,,,,,,,,,,,,,,,,,,,,,,,,,,,,,,,,,,,,,,,,,,,,,,,,,,,,,,,,,,,,,,,,,,,,,,,,,,
,,,,,,,,,,,,,,,,,,,,,,,,,,,,,,,,,,,,,,,,,,,,,,,,,,,,,,,,,,,,,,,,,,,,,,,,,,,,,,,,,,,,,,,,,,,,,,,,,,,,,,,,,,,,,,,,,,,,,,,,,,,,,,,,,,,,,,,,,,,,,,,,,,,,,,,,,,,,,,,,,,,,,,,,,,,,,,,,,,,,,,,,,,,,,,,,,,,,,,,,,,,,,,,,,,,,,,,,,,,,,,,,
,,,,,,,,,,,,,,,,,,,,,,,,,,,,,,,,,,,,,,,,,,,,,,,,,,,,,,,,,,,,,,,,,,,,,,,,,,,,,,,,,,,,,,,,,,,,,,,,,,,,,,,,,,,,,,,,,,,,,,,,,,,,,,,,,,,,,,,,,,,,,,,,,,,,,,,,,,,,,,,,,,,,,,,,,,,,,,,,,,,,,,,,,,,,,,,,,,,,,,,,,,,,,,,,,,,,,,,,,,,,,,,,
,,,,,,,,,,,,,,,,,,,,,,,,,,,,,,,,,,,,,,,,,,,,,,,,,,,,,,,,,,,,,,,,,,,,,,,,,,,,,,,,,,,,,,,,,,,,,,,,,,,,,,,,,,,,,,,,,,,,,,,,,,,,,,,,,,,,,,,,,,,,,,,,,,,,,,,,,,,,,,,,,,,,,,,,,,,,,,,,,,,,,,,,,,,,,,,,,,,,,,,,,,,,,,,,,,,,,,,,,,,,,,,,
,,,,,,,,,,,,,,,,,,,,,,,,,,,,,,,,,,,,,,,,,,,,,,,,,,,,,,,,,,,,,,,,,,,,,,,,,,,,,,,,,,,,,,,,,,,,,,,,,,,,,,,,,,,,,,,,,,,,,,,,,,,,,,,,,,,,,,,,,,,,,,,,,,,,,,,,,,,,,,,,,,,,,,,,,,,,,,,,,,,,,,,,,,,,,,,,,,,,,,,,,,,,,,,,,,,,,,,,,,,,,,,,
,,,,,,,,,,,,,,,,,,,,,,,,,,,,,,,,,,,,,,,,,,,,,,,,,,,,,,,,,,,,,,,,,,,,,,,,,,,,,,,,,,,,,,,,,,,,,,,,,,,,,,,,,,,,,,,,,,,,,,,,,,,,,,,,,,,,,,,,,,,,,,,,,,,,,,,,,,,,,,,,,,,,,,,,,,,,,,,,,,,,,,,,,,,,,,,,,,,,,,,,,,,,,,,,,,,,,,,,,,,,,,,,
